{
  "Files": [
    {
      "Filename": "REPLACE_ME",
      "ReciprocalFunction": "S(Q)",
      "Qmin": 0.5,
      "Qmax": 40.0,
      "Y": {
        "Offset": 0.0,
        "Scale": 1.0
      },
      "X": {
        "Offset": 0.0
      }
    }
  ],
  "RealSpaceFunction": "g(r)",
  "NumberDensity": 0.049948,
  "Rmax": 50.0,
  "Rpoints": 5000,
  "FourierFilter": {
    "Cutoff": 1.5
  },
  "<b_coh>^2": 0.17215,
  "LorchFlag": false,
  "RippleParams": [
    0.0,
    0.0,
    0.0
  ],
  "Outputs": {
    "StemName": "REPLACE_ME"
  }
}
